{"name":"XBRiyaz-Bold","type":"TTF","desc":{"CapHeight":720,"XHeight":532,"FontBBox":"[-391 -849 1633 1274]","Flags":262148,"Ascent":1123,"Descent":-391,"Leading":0,"ItalicAngle":0,"StemV":165,"MissingWidth":605},"unitsPerEm":2048,"up":-278,"ut":29,"strp":250,"strs":50,"ttffile":"F:\\laragon\\www\\AZHA-ERP\\vendor\\mpdf\\mpdf\\src\\Config\/..\/..\/ttfonts\/XB RiyazBd.ttf","TTCfontID":0,"originalsize":1159192,"sip":false,"smp":false,"BMPselected":false,"fontkey":"xbriyazB","panose":" 0 0 2 0 8 3 8 0 0 2 0 4","haskerninfo":true,"haskernGPOS":true,"hassmallcapsGSUB":false,"fontmetrics":"win","useOTL":255,"rtlPUAstr":"\\x{0E7E0}-\\x{0E7FC}\\x{0E7FE}\\x{0E800}-\\x{0E81C}\\x{0E81F}\\x{0E820}\\x{0E823}-\\x{0E842}\\x{0E845}-\\x{0E866}\\x{0E869}-\\x{0E88A}\\x{0E88D}-\\x{0E8C7}\\x{0E8CA}-\\x{0E8CD}\\x{0E8D4}-\\x{0E8E1}\\x{0E8E4}-\\x{0E902}\\x{0E905}\\x{0E906}\\x{0E908}\\x{0E912}-\\x{0E91C}\\x{0E921}\\x{0E925}\\x{0E927}-\\x{0E92E}\\x{0E930}-\\x{0E932}\\x{0E934}-\\x{0E936}\\x{0E939}-\\x{0E943}","GSUBScriptLang":{"arab":"DFLT ARA  DRI  FAR  KUR  PAS  TRK  URD  UYG  UZB  ","latn":"DFLT ARA  DRI  FAR  KUR  PAS  TRK  URD  UYG  UZB  "},"GSUBFeatures":{"arab":{"DFLT":{"ccmp":[0,1,2],"init":[8],"medi":[9],"fina":[10],"isol":[11],"rlig":[18,19,20,21,22,23,24,25,26,27,28,29,30,31,32,33],"swsh":[44,45,46,47,48]},"ARA ":{"ccmp":[0,1,2,7],"init":[8],"medi":[9],"fina":[10],"isol":[11],"liga":[17],"rlig":[18,19,20,21,22,23,24,25,26,27,28,29,30,31,32,33],"salt":[36],"swsh":[44,45,46,47,48]},"DRI ":{"ccmp":[0,1,2],"init":[8],"medi":[9],"fina":[10],"isol":[11],"rlig":[18,19,20,21,22,23,24,25,26,27,28,29,30,31,32,33],"salt":[37],"swsh":[44,45,46,47,48]},"FAR ":{"ccmp":[0,1,2],"init":[8],"medi":[9],"fina":[10],"isol":[11],"rlig":[18,19,20,21,22,23,24,25,26,27,28,29,30,31,32,33],"salt":[38],"swsh":[44,45,46,47,48]},"KUR ":{"ccmp":[0,1,2,5],"init":[8],"medi":[9],"fina":[10],"isol":[11],"liga":[13],"rlig":[18,19,20,21,22,23,24,25,26,27,28,29,30,31,32,33],"salt":[39],"swsh":[44,45,46,47,48]},"PAS ":{"ccmp":[0,1,2],"init":[8],"medi":[9],"fina":[10],"isol":[11],"rlig":[18,19,20,21,22,23,24,25,26,27,28,29,30,31,32,33],"salt":[40],"swsh":[44,45,46,47,48]},"TRK ":{"ccmp":[0,1,2],"init":[8],"medi":[9],"fina":[10],"isol":[11],"rlig":[18,19,20,21,22,23,24,25,26,27,28,29,30,31,32,33],"salt":[34,35],"swsh":[44,45,46,47,48]},"URD ":{"ccmp":[0,1,2,6],"init":[8],"medi":[9],"fina":[10],"isol":[11],"liga":[16],"rlig":[18,19,20,21,22,23,24,25,26,27,28,29,30,31,32,33],"salt":[41],"swsh":[44,45,46,47,48]},"UYG ":{"ccmp":[0,1,2,3],"init":[8],"medi":[9],"fina":[10],"isol":[11],"liga":[14],"rlig":[18,19,20,21,22,23,24,25,26,27,28,29,30,31,32,33],"salt":[42],"swsh":[44,45,46,47,48]},"UZB ":{"ccmp":[0,1,2,4],"init":[8],"medi":[9],"fina":[10],"isol":[11],"liga":[15],"rlig":[18,19,20,21,22,23,24,25,26,27,28,29,30,31,32,33],"salt":[43],"swsh":[44,45,46,47,48]}},"latn":{"DFLT":{"liga":[12],"frac":[34]},"ARA ":{"frac":[34]},"DRI ":{"frac":[34]},"FAR ":{"frac":[34]},"KUR ":{"frac":[34]},"PAS ":{"frac":[34]},"TRK ":{"frac":[34]},"URD ":{"frac":[34]},"UYG ":{"frac":[34]},"UZB ":{"frac":[34]}}},"GSUBLookups":[{"Type":6,"Flag":1,"SubtableCount":6,"Subtables":[271494,271512,271530,271548,271566,271584],"MarkFilteringSet":""},{"Type":4,"Flag":1,"SubtableCount":1,"Subtables":[271602],"MarkFilteringSet":""},{"Type":6,"Flag":1,"SubtableCount":3,"Subtables":[271944,271962,271980],"MarkFilteringSet":""},{"Type":6,"Flag":1,"SubtableCount":2,"Subtables":[271998,272012],"MarkFilteringSet":""},{"Type":6,"Flag":1,"SubtableCount":2,"Subtables":[272028,272042],"MarkFilteringSet":""},{"Type":6,"Flag":1,"SubtableCount":2,"Subtables":[272058,272072],"MarkFilteringSet":""},{"Type":1,"Flag":1,"SubtableCount":1,"Subtables":[272088],"MarkFilteringSet":""},{"Type":4,"Flag":1,"SubtableCount":1,"Subtables":[272100],"MarkFilteringSet":""},{"Type":1,"Flag":9,"SubtableCount":1,"Subtables":[272150],"MarkFilteringSet":""},{"Type":1,"Flag":9,"SubtableCount":1,"Subtables":[272156],"MarkFilteringSet":""},{"Type":1,"Flag":9,"SubtableCount":1,"Subtables":[272162],"MarkFilteringSet":""},{"Type":1,"Flag":9,"SubtableCount":1,"Subtables":[272330],"MarkFilteringSet":""},{"Type":4,"Flag":0,"SubtableCount":1,"Subtables":[272336],"MarkFilteringSet":""},{"Type":6,"Flag":9,"SubtableCount":6,"Subtables":[272362,272376,272390,272404,272420,272436],"MarkFilteringSet":""},{"Type":6,"Flag":9,"SubtableCount":2,"Subtables":[272454,272468],"MarkFilteringSet":""},{"Type":6,"Flag":9,"SubtableCount":2,"Subtables":[272484,272498],"MarkFilteringSet":""},{"Type":1,"Flag":1,"SubtableCount":1,"Subtables":[272514],"MarkFilteringSet":""},{"Type":4,"Flag":1,"SubtableCount":1,"Subtables":[272520],"MarkFilteringSet":""},{"Type":4,"Flag":1,"SubtableCount":1,"Subtables":[272540],"MarkFilteringSet":""},{"Type":6,"Flag":9,"SubtableCount":1,"Subtables":[272770],"MarkFilteringSet":""},{"Type":6,"Flag":9,"SubtableCount":2,"Subtables":[272790,272808],"MarkFilteringSet":""},{"Type":6,"Flag":9,"SubtableCount":2,"Subtables":[272826,272844],"MarkFilteringSet":""},{"Type":4,"Flag":1,"SubtableCount":1,"Subtables":[272862],"MarkFilteringSet":""},{"Type":6,"Flag":9,"SubtableCount":3,"Subtables":[272940,272954,272970],"MarkFilteringSet":""},{"Type":6,"Flag":8,"SubtableCount":2,"Subtables":[272986,273004],"MarkFilteringSet":""},{"Type":6,"Flag":9,"SubtableCount":2,"Subtables":[273024,273042],"MarkFilteringSet":""},{"Type":6,"Flag":1,"SubtableCount":8,"Subtables":[273062,273080,273100,273118,273138,273156,273176,273194],"MarkFilteringSet":""},{"Type":6,"Flag":9,"SubtableCount":2,"Subtables":[273214,273232],"MarkFilteringSet":""},{"Type":6,"Flag":9,"SubtableCount":1,"Subtables":[273252],"MarkFilteringSet":""},{"Type":4,"Flag":1,"SubtableCount":1,"Subtables":[273272],"MarkFilteringSet":""},{"Type":6,"Flag":1,"SubtableCount":10,"Subtables":[273510,273528,273548,273566,273586,273604,273624,273642,273662,273680],"MarkFilteringSet":""},{"Type":6,"Flag":9,"SubtableCount":2,"Subtables":[273700,273714],"MarkFilteringSet":""},{"Type":6,"Flag":9,"SubtableCount":2,"Subtables":[273730,273744],"MarkFilteringSet":""},{"Type":6,"Flag":9,"SubtableCount":2,"Subtables":[273760,273780],"MarkFilteringSet":""},{"Type":6,"Flag":0,"SubtableCount":7,"Subtables":[273800,273822,273842,273862,273882,273902,273922],"MarkFilteringSet":""},{"Type":1,"Flag":0,"SubtableCount":1,"Subtables":[273942],"MarkFilteringSet":""},{"Type":1,"Flag":0,"SubtableCount":1,"Subtables":[273954],"MarkFilteringSet":""},{"Type":1,"Flag":0,"SubtableCount":1,"Subtables":[273982],"MarkFilteringSet":""},{"Type":1,"Flag":0,"SubtableCount":1,"Subtables":[274010],"MarkFilteringSet":""},{"Type":1,"Flag":0,"SubtableCount":1,"Subtables":[274038],"MarkFilteringSet":""},{"Type":1,"Flag":0,"SubtableCount":1,"Subtables":[274066],"MarkFilteringSet":""},{"Type":1,"Flag":0,"SubtableCount":1,"Subtables":[274094],"MarkFilteringSet":""},{"Type":1,"Flag":0,"SubtableCount":1,"Subtables":[274122],"MarkFilteringSet":""},{"Type":1,"Flag":0,"SubtableCount":1,"Subtables":[274150],"MarkFilteringSet":""},{"Type":4,"Flag":1,"SubtableCount":1,"Subtables":[274178],"MarkFilteringSet":""},{"Type":6,"Flag":1,"SubtableCount":1,"Subtables":[274198],"MarkFilteringSet":""},{"Type":6,"Flag":1,"SubtableCount":1,"Subtables":[274218],"MarkFilteringSet":""},{"Type":6,"Flag":1,"SubtableCount":1,"Subtables":[274238],"MarkFilteringSet":""},{"Type":6,"Flag":1,"SubtableCount":10,"Subtables":[274258,274278,274298,274318,274338,274358,274378,274398,274418,274438],"MarkFilteringSet":""},{"Type":1,"Flag":1,"SubtableCount":1,"Subtables":[274458],"MarkFilteringSet":""},{"Type":1,"Flag":1,"SubtableCount":1,"Subtables":[274600],"MarkFilteringSet":""},{"Type":1,"Flag":1,"SubtableCount":1,"Subtables":[274688],"MarkFilteringSet":""},{"Type":1,"Flag":1,"SubtableCount":1,"Subtables":[274764],"MarkFilteringSet":""},{"Type":1,"Flag":1,"SubtableCount":1,"Subtables":[274840],"MarkFilteringSet":""},{"Type":1,"Flag":1,"SubtableCount":1,"Subtables":[274916],"MarkFilteringSet":""},{"Type":1,"Flag":1,"SubtableCount":1,"Subtables":[274980],"MarkFilteringSet":""},{"Type":4,"Flag":0,"SubtableCount":1,"Subtables":[275044],"MarkFilteringSet":""},{"Type":4,"Flag":0,"SubtableCount":1,"Subtables":[275406],"MarkFilteringSet":""}],"GPOSScriptLang":{"arab":"DFLT ARA  DRI  FAR  KUR  PAS  TRK  URD  UYG  UZB  "},"GPOSFeatures":{"arab":{"DFLT":{"kern":[0]},"ARA ":{"kern":[0]},"DRI ":{"kern":[0]},"FAR ":{"kern":[0]},"KUR ":{"kern":[0]},"PAS ":{"kern":[0]},"TRK ":{"kern":[0]},"URD ":{"kern":[0]},"UYG ":{"kern":[0]},"UZB ":{"kern":[0]}}},"GPOSLookups":[{"Type":2,"Flag":1,"SubtableCount":1,"Subtables":[267294],"MarkFilteringSet":""}],"kerninfo":{"65169":{"65158":48,"65198":48,"65200":48,"65262":48,"64397":48,"1682":48,"59535":48,"1683":48,"59538":48,"1684":48,"59536":48,"1685":48,"59537":48,"1686":48,"59539":48,"64395":48,"1734":48,"59541":48,"64472":48,"64476":48,"64483":48,"1738":48,"59542":48,"64479":48,"59612":48,"59613":48,"59687":48,"59688":48,"59689":48,"59690":48,"59691":48,"59692":48,"59693":48,"59694":48,"59695":48},"65183":{"65198":-48,"65200":-48,"64397":-48,"1682":-48,"59535":-48,"1683":-48,"59538":-48,"1684":-48,"59536":-48,"1685":-48,"59537":-48,"1686":-48,"59539":-48,"64395":-48},"65187":{"65198":-48,"65200":-48,"64397":-48,"1682":-48,"59535":-48,"1683":-48,"59538":-48,"1684":-48,"59536":-48,"1685":-48,"59537":-48,"1686":-48,"59539":-48,"64395":-48},"65191":{"65198":-48,"65200":-48,"64397":-48,"1682":-48,"59535":-48,"1683":-48,"59538":-48,"1684":-48,"59536":-48,"1685":-48,"59537":-48,"1686":-48,"59539":-48,"64395":-48},"65203":{"65198":-48,"1683":-48,"59538":-48,"1684":-48,"59536":-48,"1685":-48,"59537":-48,"1686":-48,"59539":-48},"65207":{"65198":-48,"1683":-48,"59538":-48,"1684":-48,"59536":-48,"1685":-48,"59537":-48,"1686":-48,"59539":-48},"65211":{"65198":-48,"1683":-48,"59538":-48,"1684":-48,"59536":-48,"1685":-48,"59537":-48,"1686":-48,"59539":-48},"65215":{"65198":-48,"1683":-48,"59538":-48,"1684":-48,"59536":-48,"1685":-48,"59537":-48,"1686":-48,"59539":-48},"65219":{"65198":-48,"1683":-48,"59538":-48,"1684":-48,"59536":-48,"1685":-48,"59537":-48,"1686":-48,"59539":-48},"65223":{"65198":-48,"1683":-48,"59538":-48,"1684":-48,"59536":-48,"1685":-48,"59537":-48,"1686":-48,"59539":-48},"65267":{"65158":48,"65198":48,"65200":48,"65262":48,"64397":48,"1682":48,"59535":48,"1683":48,"59538":48,"1684":48,"59536":48,"1685":48,"59537":48,"1686":48,"59539":48,"64395":48,"1734":48,"59541":48,"64472":48,"64476":48,"64483":48,"1738":48,"59542":48,"64479":48,"59612":48,"59613":48,"59687":48,"59688":48,"59689":48,"59690":48,"59691":48,"59692":48,"59693":48,"59694":48,"59695":48},"59553":{"65158":48,"65198":48,"65200":48,"65262":48,"64397":48,"1682":48,"59535":48,"1683":48,"59538":48,"1684":48,"59536":48,"1685":48,"59537":48,"1686":48,"59539":48,"64395":48,"1734":48,"59541":48,"64472":48,"64476":48,"64483":48,"1738":48,"59542":48,"64479":48,"59612":48,"59613":48,"59687":48,"59688":48,"59689":48,"59690":48,"59691":48,"59692":48,"59693":48,"59694":48,"59695":48},"64344":{"65158":48,"65198":48,"65200":48,"65262":48,"64397":48,"1682":48,"59535":48,"1683":48,"59538":48,"1684":48,"59536":48,"1685":48,"59537":48,"1686":48,"59539":48,"64395":48,"1734":48,"59541":48,"64472":48,"64476":48,"64483":48,"1738":48,"59542":48,"64479":48,"59612":48,"59613":48,"59687":48,"59688":48,"59689":48,"59690":48,"59691":48,"59692":48,"59693":48,"59694":48,"59695":48},"59556":{"65198":-48,"65200":-48,"64397":-48,"1682":-48,"59535":-48,"1683":-48,"59538":-48,"1684":-48,"59536":-48,"1685":-48,"59537":-48,"1686":-48,"59539":-48,"64395":-48},"59559":{"65198":-48,"65200":-48,"64397":-48,"1682":-48,"59535":-48,"1683":-48,"59538":-48,"1684":-48,"59536":-48,"1685":-48,"59537":-48,"1686":-48,"59539":-48,"64395":-48},"64380":{"65198":-48,"65200":-48,"64397":-48,"1682":-48,"59535":-48,"1683":-48,"59538":-48,"1684":-48,"59536":-48,"1685":-48,"59537":-48,"1686":-48,"59539":-48,"64395":-48},"1690":{"65198":-48,"1683":-48,"59538":-48,"1684":-48,"59536":-48,"1685":-48,"59537":-48,"1686":-48,"59539":-48},"59550":{"65198":-48,"1683":-48,"59538":-48,"1684":-48,"59536":-48,"1685":-48,"59537":-48,"1686":-48,"59539":-48},"1707":{"32":-73,"160":-73,"8203":-73,"8204":-73,"8205":-73,"8239":-73,"59390":-73,"65158":-73,"65194":-73,"65196":-73,"65198":-73,"65200":-73,"65262":-73,"1673":-73,"59540":-73,"64397":-73,"1682":-73,"59535":-73,"1683":-73,"59538":-73,"1684":-73,"59536":-73,"1685":-73,"59537":-73,"1686":-73,"59539":-73,"64395":-73,"1734":-73,"59541":-73,"64472":-73,"64476":-73,"64483":-73,"1738":-73,"59542":-73,"64479":-73,"59612":-73,"59613":-73,"59392":73,"59394":73,"59400":73,"65269":73,"65271":73,"59463":48,"59464":48,"59465":48,"59466":48,"59467":48,"59468":48,"59469":48,"59470":48,"59471":48,"59472":48,"59473":48,"59474":48,"59475":48,"59476":48,"59477":48,"59478":48,"59479":48,"59480":48,"59481":48,"59482":48,"59483":48,"59484":48,"59485":48,"59486":48,"59487":48,"59488":48,"59489":48,"59490":48,"59610":48,"59687":-73,"59688":-73,"59689":-73,"59690":-73,"59691":-73,"59692":-73,"59693":-73,"59694":-73,"59695":-73},"59574":{"65158":48,"65198":48,"65200":48,"65262":48,"64397":48,"1682":48,"59535":48,"1683":48,"59538":48,"1684":48,"59536":48,"1685":48,"59537":48,"1686":48,"59539":48,"64395":48,"1734":48,"59541":48,"64472":48,"64476":48,"64483":48,"1738":48,"59542":48,"64479":48,"59612":48,"59613":48,"59687":48,"59688":48,"59689":48,"59690":48,"59691":48,"59692":48,"59693":48,"59694":48,"59695":48},"64424":{"65158":48,"65198":48,"65200":48,"65262":48,"64397":48,"1682":48,"59535":48,"1683":48,"59538":48,"1684":48,"59536":48,"1685":48,"59537":48,"1686":48,"59539":48,"64395":48,"1734":48,"59541":48,"64472":48,"64476":48,"64483":48,"1738":48,"59542":48,"64479":48,"59612":48,"59613":48,"59687":48,"59688":48,"59689":48,"59690":48,"59691":48,"59692":48,"59693":48,"59694":48,"59695":48},"64510":{"65158":48,"65198":48,"65200":48,"65262":48,"64397":48,"1682":48,"59535":48,"1683":48,"59538":48,"1684":48,"59536":48,"1685":48,"59537":48,"1686":48,"59539":48,"64395":48,"1734":48,"59541":48,"64472":48,"64476":48,"64483":48,"1738":48,"59542":48,"64479":48,"59612":48,"59613":48,"59687":48,"59688":48,"59689":48,"59690":48,"59691":48,"59692":48,"59693":48,"59694":48,"59695":48},"59577":{"65158":48,"65198":48,"65200":48,"65262":48,"64397":48,"1682":48,"59535":48,"1683":48,"59538":48,"1684":48,"59536":48,"1685":48,"59537":48,"1686":48,"59539":48,"64395":48,"1734":48,"59541":48,"64472":48,"64476":48,"64483":48,"1738":48,"59542":48,"64479":48,"59612":48,"59613":48,"59687":48,"59688":48,"59689":48,"59690":48,"59691":48,"59692":48,"59693":48,"59694":48,"59695":48},"64486":{"65158":48,"65198":48,"65200":48,"65262":48,"64397":48,"1682":48,"59535":48,"1683":48,"59538":48,"1684":48,"59536":48,"1685":48,"59537":48,"1686":48,"59539":48,"64395":48,"1734":48,"59541":48,"64472":48,"64476":48,"64483":48,"1738":48,"59542":48,"64479":48,"59612":48,"59613":48,"59687":48,"59688":48,"59689":48,"59690":48,"59691":48,"59692":48,"59693":48,"59694":48,"59695":48},"59580":{"65158":48,"65198":48,"65200":48,"65262":48,"64397":48,"1682":48,"59535":48,"1683":48,"59538":48,"1684":48,"59536":48,"1685":48,"59537":48,"1686":48,"59539":48,"64395":48,"1734":48,"59541":48,"64472":48,"64476":48,"64483":48,"1738":48,"59542":48,"64479":48,"59612":48,"59613":48,"59687":48,"59688":48,"59689":48,"59690":48,"59691":48,"59692":48,"59693":48,"59694":48,"59695":48},"59607":{"65158":48,"65198":48,"65200":48,"65262":48,"64397":48,"1682":48,"59535":48,"1683":48,"59538":48,"1684":48,"59536":48,"1685":48,"59537":48,"1686":48,"59539":48,"64395":48,"1734":48,"59541":48,"64472":48,"64476":48,"64483":48,"1738":48,"59542":48,"64479":48,"59612":48,"59613":48,"59687":48,"59688":48,"59689":48,"59690":48,"59691":48,"59692":48,"59693":48,"59694":48,"59695":48},"59402":{"59463":48,"59464":48,"59465":48,"59466":48,"59467":48,"59468":48,"59469":48,"59470":48,"59471":48,"59472":48,"59473":48,"59474":48,"59475":48,"59476":48,"59477":48,"59478":48,"59479":48,"59480":48,"59481":48,"59482":48,"59483":48,"59484":48,"59485":48,"59486":48,"59487":48,"59488":48,"59489":48,"59490":48,"59610":48},"59403":{"59463":48,"59464":48,"59465":48,"59466":48,"59467":48,"59468":48,"59469":48,"59470":48,"59471":48,"59472":48,"59473":48,"59474":48,"59475":48,"59476":48,"59477":48,"59478":48,"59479":48,"59480":48,"59481":48,"59482":48,"59483":48,"59484":48,"59485":48,"59486":48,"59487":48,"59488":48,"59489":48,"59490":48,"59610":48},"59404":{"59463":48,"59464":48,"59465":48,"59466":48,"59467":48,"59468":48,"59469":48,"59470":48,"59471":48,"59472":48,"59473":48,"59474":48,"59475":48,"59476":48,"59477":48,"59478":48,"59479":48,"59480":48,"59481":48,"59482":48,"59483":48,"59484":48,"59485":48,"59486":48,"59487":48,"59488":48,"59489":48,"59490":48,"59610":48},"59405":{"59463":48,"59464":48,"59465":48,"59466":48,"59467":48,"59468":48,"59469":48,"59470":48,"59471":48,"59472":48,"59473":48,"59474":48,"59475":48,"59476":48,"59477":48,"59478":48,"59479":48,"59480":48,"59481":48,"59482":48,"59483":48,"59484":48,"59485":48,"59486":48,"59487":48,"59488":48,"59489":48,"59490":48,"59610":48},"65269":{"59463":48,"59464":48,"59465":48,"59466":48,"59467":48,"59468":48,"59469":48,"59470":48,"59471":48,"59472":48,"59473":48,"59474":48,"59475":48,"59476":48,"59477":48,"59478":48,"59479":48,"59480":48,"59481":48,"59482":48,"59483":48,"59484":48,"59485":48,"59486":48,"59487":48,"59488":48,"59489":48,"59490":48,"59610":48},"65271":{"59463":48,"59464":48,"59465":48,"59466":48,"59467":48,"59468":48,"59469":48,"59470":48,"59471":48,"59472":48,"59473":48,"59474":48,"59475":48,"59476":48,"59477":48,"59478":48,"59479":48,"59480":48,"59481":48,"59482":48,"59483":48,"59484":48,"59485":48,"59486":48,"59487":48,"59488":48,"59489":48,"59490":48,"59610":48},"65273":{"59463":48,"59464":48,"59465":48,"59466":48,"59467":48,"59468":48,"59469":48,"59470":48,"59471":48,"59472":48,"59473":48,"59474":48,"59475":48,"59476":48,"59477":48,"59478":48,"59479":48,"59480":48,"59481":48,"59482":48,"59483":48,"59484":48,"59485":48,"59486":48,"59487":48,"59488":48,"59489":48,"59490":48,"59610":48},"65275":{"59463":48,"59464":48,"59465":48,"59466":48,"59467":48,"59468":48,"59469":48,"59470":48,"59471":48,"59472":48,"59473":48,"59474":48,"59475":48,"59476":48,"59477":48,"59478":48,"59479":48,"59480":48,"59481":48,"59482":48,"59483":48,"59484":48,"59485":48,"59486":48,"59487":48,"59488":48,"59489":48,"59490":48,"59610":48}}}